sample,genotype,condition,ageing_treatment_days,harvest_day,replicate
APOE3_CTRL_1,APOE3,CTRL,0,80,1
APOE3_CTRL_2,APOE3,CTRL,0,80,2
APOE3_CTRL_3,APOE3,CTRL,0,80,3
APOE3_AGED10D_1,APOE3,AGED,10,70,1
APOE3_AGED10D_2,APOE3,AGED,10,70,2
APOE3_AGED10D_3,APOE3,AGED,10,70,3
APOE3_AGED20D_1,APOE3,AGED,20,80,1
APOE3_AGED20D_2,APOE3,AGED,20,80,2
APOE3_AGED20D_3,APOE3,AGED,20,80,3
APOE4_CTRL_1,APOE4,CTRL,0,80,1
APOE4_CTRL_2,APOE4,CTRL,0,80,2
APOE4_CTRL_3,APOE4,CTRL,0,80,3
APOE4_AGED10D_1,APOE4,AGED,10,70,1
APOE4_AGED10D_2,APOE4,AGED,10,70,2
APOE4_AGED10D_3,APOE4,AGED,10,70,3
APOE4_AGED20D_1,APOE4,AGED,20,80,1
APOE4_AGED20D_2,APOE4,AGED,20,80,2
APOE4_AGED20D_3,APOE4,AGED,20,80,3
